location,mylocation,geo_location
"Архангай, Архангай",Архангай аймаг,Архангай аймаг
"Дархан-Уул, Дархан-Уул",Дархан-Уул аймаг,Дархан-Уул аймаг
"Дорноговь, Дорноговь",Дорноговь аймаг,Дорноговь аймаг
"Дорнод, Дорнод",Дорнод аймаг,Дорнод аймаг
"Дорнод, Дорнод",Дорнод аймаг,Дорнод аймаг
Орхон,Орхон аймаг,Орхон аймаг
"Орхон, Орхон",Орхон аймаг,Орхон аймаг
"Өвөрхангай, Өвөрхангай",Өвөрхангай аймаг,Өвөрхангай аймаг
"Өмнөговь, Өмнөговь",Өмнөговь аймаг,Өмнөговь аймаг
Сүхбаатар,Сүхбаатар аймаг,Сүхбаатар аймаг
Сүхбаатар,Сүхбаатар аймаг,Сүхбаатар аймаг
"Сүхбаатар, Сүхбаатар",Сүхбаатар аймаг,Сүхбаатар аймаг
"Сэлэнгэ, Сэлэнгэ",Сэлэнгэ аймаг,Сэлэнгэ аймаг
Төв,Төв аймаг,Төв аймаг
Төв,Төв аймаг,Төв аймаг
"Төв, Төв",Төв аймаг,Төв аймаг
"УБ — Багануур, Багануур, Хороо 1",Багануур,Багануур
УБ — Баянгол,Баянгол,Баянгол
"УБ — Баянгол, 10-р хороолол",10-р хороолол,10-р хороолол
"УБ — Баянгол, 25-р эмийн сан",25-р эмийн сан,10-р хороолол
"УБ — Баянгол, 3, 4 хороолол","3, 4 хороолол","3, 4 хороолол"
"УБ — Баянгол, 3-р хороолол","3, 4 хороолол","3, 4 хороолол"
"УБ — Баянгол, 40-р сургууль","3, 4 хороолол","3, 4 хороолол"
"УБ — Баянгол, 4-р хороолол","3, 4 хороолол","3, 4 хороолол"
"УБ — Баянгол, 6-р бичил",6-р бичил,"3, 4 хороолол"
"УБ — Баянгол, Алтай хотхон",Алтай хотхон,Алтай хотхон
"УБ — Баянгол, Баруун 4 зам",Баруун 4 зам,Төмөр зам
"УБ — Баянгол, Баянгол, Хороо 1",Модны 2,Модны 2
"УБ — Баянгол, Баянгол, Хороо 10",Модны 2,Модны 2
"УБ — Баянгол, Баянгол, Хороо 11",Модны 2,Модны 2
"УБ — Баянгол, Баянгол, Хороо 12","3, 4 хороолол","3, 4 хороолол"
"УБ — Баянгол, Баянгол, Хороо 13","3, 4 хороолол","3, 4 хороолол"
"УБ — Баянгол, Баянгол, Хороо 14",Модны 2,Модны 2
"УБ — Баянгол, Баянгол, Хороо 15",Эх нялхас,Зурагт
"УБ — Баянгол, Баянгол, Хороо 16",Эх нялхас,Зурагт
"УБ — Баянгол, Баянгол, Хороо 17",Модны 2,Модны 2
"УБ — Баянгол, Баянгол, Хороо 18",Модны 2,Модны 2
"УБ — Баянгол, Баянгол, Хороо 19",Модны 2,Модны 2
"УБ — Баянгол, Баянгол, Хороо 2",Модны 2,Модны 2
"УБ — Баянгол, Баянгол, Хороо 20",Хархорин,1-р хороолол
"УБ — Баянгол, Баянгол, Хороо 21","3, 4 хороолол","3, 4 хороолол"
"УБ — Баянгол, Баянгол, Хороо 22","3, 4 хороолол","3, 4 хороолол"
"УБ — Баянгол, Баянгол, Хороо 23",Модны 2,Модны 2
"УБ — Баянгол, Баянгол, Хороо 3",Нарны хороолол,Нарны хороолол
"УБ — Баянгол, Баянгол, Хороо 4","3, 4 хороолол","3, 4 хороолол"
"УБ — Баянгол, Баянгол, Хороо 5","3, 4 хороолол","3, 4 хороолол"
"УБ — Баянгол, Баянгол, Хороо 6","3, 4 хороолол","3, 4 хороолол"
"УБ — Баянгол, Баянгол, Хороо 7","3, 4 хороолол","3, 4 хороолол"
"УБ — Баянгол, Баянгол, Хороо 8","3, 4 хороолол","3, 4 хороолол"
"УБ — Баянгол, Баянгол, Хороо 9",Хорооллын эцэс,"3, 4 хороолол"
"УБ — Баянгол, Бичил",Бичил,"3, 4 хороолол"
"УБ — Баянгол, Богд-Ар",Төмөр зам,Төмөр зам
"УБ — Баянгол, Гандан",Гандан,Модны 2
"УБ — Баянгол, Гэмтэл согог судлалын үндэсний төв",Гэмтэл,"3, 4 хороолол"
"УБ — Баянгол, Модны 2",Модны 2,Модны 2
"УБ — Баянгол, Монгени цогцолбор",Модны 2,Модны 2
"УБ — Баянгол, Нарны хороолол",Нарны хороолол,Нарны хороолол
"УБ — Баянгол, Оюуны Ундраа цогцолбор сургууль",Модны 2,Модны 2
"УБ — Баянгол, Өргөө - 1 кино театр","3, 4 хороолол","3, 4 хороолол"
"УБ — Баянгол, Төмөр зам",Төмөр зам,Төмөр зам
"УБ — Баянгол, Тээврийн товчоо",Тээврийн товчоо,Төмөр зам
"УБ — Баянгол, УБ палас",25-р эмийн сан,10-р хороолол
"УБ — Баянгол, Ханбүргэдэй",Төмөр зам,Төмөр зам
"УБ — Баянгол, Хорооллын Имарт","3, 4 хороолол","3, 4 хороолол"
"УБ — Баянгол, Хос-Өргөө",Алтай хотхон,Алтай хотхон
"УБ — Баянгол, Эх нялхас эмнэлэг",Эх нялхас,Зурагт
УБ — Баянзүрх,Баянзүрх,Баянзүрх
"УБ — Баянзүрх, 13-р хороолол",13-р хороолол,13-р хороолол
"УБ — Баянзүрх, 14-р хороолол",Халдварт,Халдварт
"УБ — Баянзүрх, 14-р хороолол",Халдварт,Халдварт
"УБ — Баянзүрх, 15-р хороолол",Жуков,Жуков
"УБ — Баянзүрх, 16-р хороолол",Цайз,Цайз
"УБ — Баянзүрх, 1-р төрөх",Цайз,Цайз
"УБ — Баянзүрх, 2-р эмнэлэг",13-р хороолол,13-р хороолол
"УБ — Баянзүрх, 33-р сургуулийн ойролцоо",13-р хороолол,13-р хороолол
"УБ — Баянзүрх, 84-р сургуулийн ойролцоо",13-р хороолол,13-р хороолол
"УБ — Баянзүрх, Edu apart campus",Цэцэрлэгт хүрээлэн,Цэцэрлэгт хүрээлэн
"УБ — Баянзүрх, Olympic village",Олимп хотхон,Цэцэрлэгт хүрээлэн
"УБ — Баянзүрх, Sunrise",Цэцэрлэгт хүрээлэн,Цэцэрлэгт хүрээлэн
"УБ — Баянзүрх, Алдар Спорт хороо",Офицер,Офицер
"УБ — Баянзүрх, Амгалан",Амгалан,Амгалан
"УБ — Баянзүрх, Амгалан амаржих газар",Амгалан,Амгалан
"УБ — Баянзүрх, Арцат",Цайз,Цайз
"УБ — Баянзүрх, Баатархайрхан",Баянзүрх,Баянзүрх
"УБ — Баянзүрх, Бага дарь-Эх",Дарь эх,КТМС
"УБ — Баянзүрх, Баялаг-Ундраа",Нарантуул,Халдварт
"УБ — Баянзүрх, Баянзүрх дүүрэг",Баянзүрх,Баянзүрх
"УБ — Баянзүрх, Баянзүрх, Хороо 1",СЭЗИС,Сансарын имарт
"УБ — Баянзүрх, Баянзүрх, Хороо 10",Амгалан,Амгалан
"УБ — Баянзүрх, Баянзүрх, Хороо 11",Бага тэнгэр,Бага тэнгэр
"УБ — Баянзүрх, Баянзүрх, Хороо 12",Ботаник,Улаанхуаран
"УБ — Баянзүрх, Баянзүрх, Хороо 13",Баянзүрх,Баянзүрх
"УБ — Баянзүрх, Баянзүрх, Хороо 14",Өгөөмөр,Халдварт
"УБ — Баянзүрх, Баянзүрх, Хороо 15",Кино үйлдвэр,Жуков
"УБ — Баянзүрх, Баянзүрх, Хороо 16",Цайз,Цайз
"УБ — Баянзүрх, Баянзүрх, Хороо 17",Цайз,Цайз
"УБ — Баянзүрх, Баянзүрх, Хороо 18",Цайз,Цайз
"УБ — Баянзүрх, Баянзүрх, Хороо 19",Цайз,Цайз
"УБ — Баянзүрх, Баянзүрх, Хороо 2",КТМС,КТМС
"УБ — Баянзүрх, Баянзүрх, Хороо 20",Кино үйлдвэр,Жуков
"УБ — Баянзүрх, Баянзүрх, Хороо 21",Цайз,Цайз
"УБ — Баянзүрх, Баянзүрх, Хороо 22",Кино үйлдвэр,Жуков
"УБ — Баянзүрх, Баянзүрх, Хороо 23",Офицер,Офицер
"УБ — Баянзүрх, Баянзүрх, Хороо 24",Шар хад,Улаанхуаран
"УБ — Баянзүрх, Баянзүрх, Хороо 25",Натур,Натур
"УБ — Баянзүрх, Баянзүрх, Хороо 26",Цэцэрлэгт хүрээлэн,Цэцэрлэгт хүрээлэн
"УБ — Баянзүрх, Баянзүрх, Хороо 27",Цэцэрлэгт хүрээлэн,Цэцэрлэгт хүрээлэн
"УБ — Баянзүрх, Баянзүрх, Хороо 28",Улаанхуаран,Улаанхуаран
"УБ — Баянзүрх, Баянзүрх, Хороо 29",Улаанхуаран,Улаанхуаран
"УБ — Баянзүрх, Баянзүрх, Хороо 3",Сансар,Сансар
"УБ — Баянзүрх, Баянзүрх, Хороо 30",КТМС,КТМС
"УБ — Баянзүрх, Баянзүрх, Хороо 31",Цайз,Цайз
"УБ — Баянзүрх, Баянзүрх, Хороо 32",Цайз,Цайз
"УБ — Баянзүрх, Баянзүрх, Хороо 34",Шархад,Улаанхуаран
"УБ — Баянзүрх, Баянзүрх, Хороо 36",Баянмонгол,Баянмонгол хороолол
"УБ — Баянзүрх, Баянзүрх, Хороо 37",Чулуун овоо,Улаанхуаран
"УБ — Баянзүрх, Баянзүрх, Хороо 38",Улаанхуаран,Улаанхуаран
"УБ — Баянзүрх, Баянзүрх, Хороо 39",Улаанхуаран,Улаанхуаран
"УБ — Баянзүрх, Баянзүрх, Хороо 4",Жуков,Жуков
"УБ — Баянзүрх, Баянзүрх, Хороо 40",Улаанхуаран,Улаанхуаран
"УБ — Баянзүрх, Баянзүрх, Хороо 41",Улаанхуаран,Улаанхуаран
"УБ — Баянзүрх, Баянзүрх, Хороо 42",Улаанхуаран,Улаанхуаран
"УБ — Баянзүрх, Баянзүрх, Хороо 43",Улаанхуаран,Улаанхуаран
"УБ — Баянзүрх, Баянзүрх, Хороо 5",Жуков,Жуков
"УБ — Баянзүрх, Баянзүрх, Хороо 6",Бөхийн өргөө,13-р хороолол
"УБ — Баянзүрх, Баянзүрх, Хороо 7",КТМС,КТМС
"УБ — Баянзүрх, Баянзүрх, Хороо 8",Амгалан,Амгалан
"УБ — Баянзүрх, Баянзүрх, Хороо 8",Амгалан,Амгалан
"УБ — Баянзүрх, Баянзүрх, Хороо 9",Улаанхуаран,Улаанхуаран
"УБ — Баянзүрх, Баянмонгол хороолол",Баянмонгол,Баянмонгол хороолол
"УБ — Баянзүрх, Ботаник",Ботаник,Улаанхуаран
"УБ — Баянзүрх, Бөхийн Өргөө",Бөхийн өргөө,13-р хороолол
"УБ — Баянзүрх, Гачуурт",Гачуурт,Гачуурт
"УБ — Баянзүрх, Зүүн 4 зам",Зүүн 4 зам,13-р хороолол
"УБ — Баянзүрх, Их Засаг Их сургууль",Цайз,Цайз
"УБ — Баянзүрх, Их Монгол хороолол",Их монгол,Их монгол хороолол
"УБ — Баянзүрх, КТМС",КТМС,КТМС
"УБ — Баянзүрх, Монгол Япон эмнэлэг",Амгалан,Амгалан
"УБ — Баянзүрх, Нарантуул зах",Нарантуул,Халдварт
"УБ — Баянзүрх, Натур худалдааны төв",13-р хороолол,13-р хороолол
"УБ — Баянзүрх, Нохойтой хөшөө",Чулуун овоо,Улаанхуаран
"УБ — Баянзүрх, Олимп хотхон",Олимп хотхон,Цэцэрлэгт хүрээлэн
"УБ — Баянзүрх, Офицер",Офицер,Офицер
"УБ — Баянзүрх, Өгөөмөр захын зүүн",Өгөөмөр,Халдварт
"УБ — Баянзүрх, РЦНК",Сансар,Сансар
"УБ — Баянзүрх, Сандэй плаза",Нарантуул,Халдварт
"УБ — Баянзүрх, Сансар",Сансар,Сансар
"УБ — Баянзүрх, Туул-БЗД",Туул зөрлөг,Туул зөрлөг
"УБ — Баянзүрх, Улаанбаатар их сургууль",Нарантуул,Халдварт
"УБ — Баянзүрх, Улаанхуаран",Офицер,Офицер
"УБ — Баянзүрх, Улиастай",Улиастай,Амгалан
"УБ — Баянзүрх, Ургах наран",Ургахнаран,Ургахнаран
"УБ — Баянзүрх, Үндэсний цэцэрлэгт хүрээлэн",Цэцэрлэгт хүрээлэн,Цэцэрлэгт хүрээлэн
"УБ — Баянзүрх, Хавдар судлалын үндэсний төв",Нарантуул,Нарантуул
"УБ — Баянзүрх, Халдвартын эмнэлэг",Нарантуул,Нарантуул
"УБ — Баянзүрх, Хонхор",Хонхор зөрлөг,Хонхор зөрлөг
"УБ — Баянзүрх, Цайз",Цайз,Цайз
"УБ — Баянзүрх, Цэргийн хотхон",Сансар,Сансар
"УБ — Баянзүрх, Чингис зочид буудал",Сансар,Сансар
"УБ — Баянзүрх, Чулуун овоо",Чулуун овоо,Улаанхуаран
"УБ — Баянзүрх, Чухаг хороолол",Дүнжингарав,Цэцэрлэгт хүрээлэн
"УБ — Баянзүрх, Шар хад",Шар хад,Улаанхуаран
"УБ — Баянзүрх, Шинэ Монгол сургуулийн ойролцоо",13-р хороолол,13-р хороолол
"УБ — Баянзүрх, Элчин сайдын гудамж",Сансар,Сансар
"УБ — Баянзүрх, Эрдэнэ толгой",Эрдэнэ толгой,Цайз
УБ — Налайх,Налайх,Налайх
"УБ — Налайх, Налайх, Хороо 1",Налайх,Налайх
"УБ — Налайх, Налайх, Хороо 2",Налайх,Налайх
"УБ — Налайх, Налайх, Хороо 3",Налайх,Налайх
"УБ — Налайх, Налайх, Хороо 5",Налайх,Налайх
"УБ — Налайх, Налайх, Хороо 6",Налайх,Налайх
"УБ — Налайх, Налайх, Хороо 7",Налайх,Налайх
УБ — Сонгинохайрхан,Сонгинохайрхан,Сонгинохайрхан
"УБ — Сонгинохайрхан, 1-р хороолол",1-р хороолол,1-р хороолол
"УБ — Сонгинохайрхан, 21-р хороолол",21-р хороолол,21-р хороолол
"УБ — Сонгинохайрхан, 5 шар",5 шар,5 шар
"УБ — Сонгинохайрхан, Баруун салаа",Баянхошуу,Толгойт
"УБ — Сонгинохайрхан, Баянхошуу",Баянхошуу,Толгойт
"УБ — Сонгинохайрхан, Зүүн салаа",Баянхошуу,Толгойт
"УБ — Сонгинохайрхан, Их наран",Их наран,Толгойт
"УБ — Сонгинохайрхан, Москва хороолол",Москва,1-р хороолол
"УБ — Сонгинохайрхан, Найрамдал",Найрамдал,Найрамдал
"УБ — Сонгинохайрхан, Орбит",Орбит,Толгойт
"УБ — Сонгинохайрхан, Сонгинохайрхан, Хороо 1",Толгойт,Толгойт
"УБ — Сонгинохайрхан, Сонгинохайрхан, Хороо 10",Толгойт,Толгойт
"УБ — Сонгинохайрхан, Сонгинохайрхан, Хороо 12",1-р хороолол,1-р хороолол
"УБ — Сонгинохайрхан, Сонгинохайрхан, Хороо 13",1-р хороолол,1-р хороолол
"УБ — Сонгинохайрхан, Сонгинохайрхан, Хороо 14",1-р хороолол,1-р хороолол
"УБ — Сонгинохайрхан, Сонгинохайрхан, Хороо 15",1-р хороолол,1-р хороолол
"УБ — Сонгинохайрхан, Сонгинохайрхан, Хороо 16",10-р хороолол,10-р хороолол
"УБ — Сонгинохайрхан, Сонгинохайрхан, Хороо 17",1-р хороолол,1-р хороолол
"УБ — Сонгинохайрхан, Сонгинохайрхан, Хороо 18",5 шар,5 шар
"УБ — Сонгинохайрхан, Сонгинохайрхан, Хороо 19",21-р хороолол,21-р хороолол
"УБ — Сонгинохайрхан, Сонгинохайрхан, Хороо 2",Толгойт,Толгойт
"УБ — Сонгинохайрхан, Сонгинохайрхан, Хороо 20",21-р хороолол,21-р хороолол
"УБ — Сонгинохайрхан, Сонгинохайрхан, Хороо 21",21-р хороолол,21-р хороолол
"УБ — Сонгинохайрхан, Сонгинохайрхан, Хороо 22",21-р хороолол,21-р хороолол
"УБ — Сонгинохайрхан, Сонгинохайрхан, Хороо 23",21-р хороолол,21-р хороолол
"УБ — Сонгинохайрхан, Сонгинохайрхан, Хороо 26",21-р хороолол,21-р хороолол
"УБ — Сонгинохайрхан, Сонгинохайрхан, Хороо 27",21-р хороолол,21-р хороолол
"УБ — Сонгинохайрхан, Сонгинохайрхан, Хороо 27",21-р хороолол,21-р хороолол
"УБ — Сонгинохайрхан, Сонгинохайрхан, Хороо 28",Баянхошуу,Толгойт
"УБ — Сонгинохайрхан, Сонгинохайрхан, Хороо 29",Москва,1-р хороолол
"УБ — Сонгинохайрхан, Сонгинохайрхан, Хороо 3",21-р хороолол,21-р хороолол
"УБ — Сонгинохайрхан, Сонгинохайрхан, Хороо 30",1-р хороолол,1-р хороолол
"УБ — Сонгинохайрхан, Сонгинохайрхан, Хороо 31",1-р хороолол,1-р хороолол
"УБ — Сонгинохайрхан, Сонгинохайрхан, Хороо 32",Москва,1-р хороолол
"УБ — Сонгинохайрхан, Сонгинохайрхан, Хороо 34",Найрамдал,Найрамдал
"УБ — Сонгинохайрхан, Сонгинохайрхан, Хороо 37",21-р хороолол,21-р хороолол
"УБ — Сонгинохайрхан, Сонгинохайрхан, Хороо 38",21-р хороолол,21-р хороолол
"УБ — Сонгинохайрхан, Сонгинохайрхан, Хороо 4",21-р хороолол,21-р хороолол
"УБ — Сонгинохайрхан, Сонгинохайрхан, Хороо 42",Шаргаморьт,Шаргаморьт
"УБ — Сонгинохайрхан, Сонгинохайрхан, Хороо 5",21-р хороолол,21-р хороолол
"УБ — Сонгинохайрхан, Сонгинохайрхан, Хороо 6",Баянхошуу,Толгойт
"УБ — Сонгинохайрхан, Сонгинохайрхан, Хороо 7",Баянхошуу,Толгойт
"УБ — Сонгинохайрхан, Сонгинохайрхан, Хороо 8",,5 шар
"УБ — Сонгинохайрхан, Сонсголон",Сонсголон,Толгойт
"УБ — Сонгинохайрхан, Толгойт",Толгойт,Толгойт
"УБ — Сонгинохайрхан, Ханын материал",Ханын материал,21-р хороолол
УБ — Сүхбаатар,Сүхбаатар,Сүхбаатар
"УБ — Сүхбаатар, 100 айл",100 айл,100 айл-Дөлгөөн нуур
"УБ — Сүхбаатар, 11-р хороолол",11-р хороолол,11-р хороолол
"УБ — Сүхбаатар, 220 мянгат",220 мянгат,220-Цирк
"УБ — Сүхбаатар, 2-р сургууль",11-р хороолол,11-р хороолол
"УБ — Сүхбаатар, 5-р хороолол",Цирк,220-Цирк
"УБ — Сүхбаатар, 64-р дэлгүүр",Сансар,Сансар
"УБ — Сүхбаатар, 6-р сургуулийн ойролцоо",Хүүхдийн 100,Хүүхдийн 100
"УБ — Сүхбаатар, 7-р хороолол",Сансар,Сансар
"УБ — Сүхбаатар, Америкын элчин сайдын яам",Сансар,Сансар
"УБ — Сүхбаатар, Бага тойрог",Бага тойрог,МУИС
"УБ — Сүхбаатар, Баянгол зочид буудал",Талбай,220-Цирк
"УБ — Сүхбаатар, Бэлх",Бэлх,Бэлх
"УБ — Сүхбаатар, Дарь Эх",Дарь эх,КТМС
"УБ — Сүхбаатар, Дөлгөөн нуур",Дөлгөөн нуур,100 айл-Дөлгөөн нуур
"УБ — Сүхбаатар, Их тойруу",Дөлгөөн нуур,100 айл-Дөлгөөн нуур
"УБ — Сүхбаатар, Метро Молл",Дөлгөөн нуур,100 айл-Дөлгөөн нуур
"УБ — Сүхбаатар, Монгол Улсын Их Сургууль",МУИС,МУИС
"УБ — Сүхбаатар, МУБИС",Талбай,Багшийн дээд
"УБ — Сүхбаатар, Найман шарга",Бөмбөгөр,Их дэлгүүр
"УБ — Сүхбаатар, Орос 3-р сургуулийн ойролцоо",Цирк,220-Цирк
"УБ — Сүхбаатар, Өгөөж чихэр боов",Баруун 4 зам,Хүүхдийн 100
"УБ — Сүхбаатар, Сант сургуулийн ойролцоо",Цирк,220-Цирк
"УБ — Сүхбаатар, Сүхбаатар, Хороо 1",Талбай,220-Цирк
"УБ — Сүхбаатар, Сүхбаатар, Хороо 10",100 айл,100 айл-Дөлгөөн нуур
"УБ — Сүхбаатар, Сүхбаатар, Хороо 11",Дөлгөөн нуур,100 айл-Дөлгөөн нуур
"УБ — Сүхбаатар, Сүхбаатар, Хороо 12",100 айл,100 айл-Дөлгөөн нуур
"УБ — Сүхбаатар, Сүхбаатар, Хороо 13",7 буудал,100 айл-Дөлгөөн нуур
"УБ — Сүхбаатар, Сүхбаатар, Хороо 14",Дөлгөөн нуур,100 айл-Дөлгөөн нуур
"УБ — Сүхбаатар, Сүхбаатар, Хороо 15",Дөлгөөн нуур,100 айл-Дөлгөөн нуур
"УБ — Сүхбаатар, Сүхбаатар, Хороо 16",Хүнсний 4,100 айл-Дөлгөөн нуур
"УБ — Сүхбаатар, Сүхбаатар, Хороо 17",7 буудал,100 айл-Дөлгөөн нуур
"УБ — Сүхбаатар, Сүхбаатар, Хороо 18",Их дэлгүүр,Их дэлгүүр
"УБ — Сүхбаатар, Сүхбаатар, Хороо 19",Дамбадаржаа,100 айл-Дөлгөөн нуур
"УБ — Сүхбаатар, Сүхбаатар, Хороо 2",Талбай,220-Цирк
"УБ — Сүхбаатар, Сүхбаатар, Хороо 20",Цэнгэлдэх,Цэнгэлдэх
"УБ — Сүхбаатар, Сүхбаатар, Хороо 3",Орос 3,220-Цирк
"УБ — Сүхбаатар, Сүхбаатар, Хороо 4",Нарны хороолол,Нарны хороолол
"УБ — Сүхбаатар, Сүхбаатар, Хороо 5",Талбай,220-Цирк
"УБ — Сүхбаатар, Сүхбаатар, Хороо 6",МУИС,МУИС
"УБ — Сүхбаатар, Сүхбаатар, Хороо 7",11-р хороолол,11-р хороолол
"УБ — Сүхбаатар, Сүхбаатар, Хороо 8",11-р хороолол,11-р хороолол
"УБ — Сүхбаатар, Сүхбаатар, Хороо 9",Дөлгөөн нуур,100 айл-Дөлгөөн нуур
"УБ — Сүхбаатар, Сүхбаатарын талбай",Талбай,Wall street
"УБ — Сүхбаатар, Сэлбэ",Сансар,Сансар
"УБ — Сүхбаатар, Сэлх",Сэлх,Сэлх
"УБ — Сүхбаатар, Төв номын сан",Талбай,Wall street
"УБ — Сүхбаатар, Фонтам",Цирк,220-Цирк
"УБ — Сүхбаатар, Хүнсний 50-р дэлгүүр",Цирк,220-Цирк
"УБ — Сүхбаатар, Хүүхдийн 100",Хүүхдийн 100,Хүүхдийн 100
"УБ — Сүхбаатар, Цирк",Цирк,Цирк
"УБ — Сүхбаатар, Шихихутуг их сургууль",Талбай,Багшийн дээд
"УБ — Сүхбаатар, ШУТИС",Багшийн дээд,Багшийн дээд
УБ — Хан-Уул,Хан-Уул,Хан-Уул
"УБ — Хан-Уул, 120 мянгат",120 мянгат,120 мянгат
"УБ — Хан-Уул, 19-р хороолол",19-р хороолол,19-р хороолол
"УБ — Хан-Уул, Bella Vista",Зайсан,Зайсан
"УБ — Хан-Уул, Japan town",Хүннү,Хүннү
"УБ — Хан-Уул, King Tower",Маршал,Маршал
"УБ — Хан-Уул, Marshall town",Маршал,Маршал
"УБ — Хан-Уул, River Garden",Маршал,Маршал
"УБ — Хан-Уул, River stone",Алтай хотхон,Алтай хотхон
"УБ — Хан-Уул, Romana Residence",Корпорейт,Орчлон сургууль
"УБ — Хан-Уул, UB Town",Зайсан хойно,Оргил зайсан
"УБ — Хан-Уул, Viva city",Яармаг,Хүннү молл
"УБ — Хан-Уул, Zaisan luxury village",Зайсан,Зайсан
"УБ — Хан-Уул, Арцатын ам",Яармаг,Яармаг 2
"УБ — Хан-Уул, Био комбинат",Био,Био
"УБ — Хан-Уул, Богины ам",Зайсан,Зайсан
"УБ — Хан-Уул, Буянт Ухаа хороолол",Нисэх,Нисэх
"УБ — Хан-Уул, Жаргалантын ам",Яармаг,Яармаг 2
"УБ — Хан-Уул, Зайсан",Зайсан,Зайсан
"УБ — Хан-Уул, Мишээл",Мишээл,Мишээл экспо
"УБ — Хан-Уул, Морин тойруулга, наадамчдын талбай",Яармаг,Яармаг 2
"УБ — Хан-Уул, Нархан хотхон",Корпорейт,Орчлон сургууль
"УБ — Хан-Уул, Нисэх",Нисэх,Нисэх
"УБ — Хан-Уул, Нүхтийн ам",Яармаг,Яармаг 2
"УБ — Хан-Уул, Нэхмэлийн шар",19-р хороолол,19-р хороолол
"УБ — Хан-Уул, Оддын хороолол",Корпорейт,Орчлон сургууль
"УБ — Хан-Уул, Стадион Оргил",Цэнгэлдэх,Цэнгэлдэх
"УБ — Хан-Уул, Туулын хэсэг",Зайсан хойно,УБ сувилал
"УБ — Хан-Уул, Удирдлагын Академи",Зайсан хойно,Удирдлагын акад
"УБ — Хан-Уул, Үйлдвэрийн баруун бүс",Зайсан хойно,Мишээл экспо
"УБ — Хан-Уул, Хансвилл хотхон",Корпорейт,Орчлон сургууль
"УБ — Хан-Уул, Хан-Уул, Хороо 1",Корпорейт,Орчлон сургууль
"УБ — Хан-Уул, Хан-Уул, Хороо 10",Нисэх,Нисэх
"УБ — Хан-Уул, Хан-Уул, Хороо 11",Зайсан,Зайсан
"УБ — Хан-Уул, Хан-Уул, Хороо 12",Бага тэнгэр,Бага тэнгэр
"УБ — Хан-Уул, Хан-Уул, Хороо 13",19-р хороолол,19-р хороолол
"УБ — Хан-Уул, Хан-Уул, Хороо 14",Яармаг,Яармаг 2
"УБ — Хан-Уул, Хан-Уул, Хороо 15",Зайсан хойно,Цэнгэлдэх
"УБ — Хан-Уул, Хан-Уул, Хороо 16",Маршал,Маршал-Ривер
"УБ — Хан-Уул, Хан-Уул, Хороо 17",Зайсан хойно,Удирдлагын акад
"УБ — Хан-Уул, Хан-Уул, Хороо 18",Корпорейт,Орчлон сургууль
"УБ — Хан-Уул, Хан-Уул, Хороо 19",Зайсан,Оргил зайсан
"УБ — Хан-Уул, Хан-Уул, Хороо 2",19-р хороолол,19-р хороолол
"УБ — Хан-Уул, Хан-Уул, Хороо 20",Зайсан хойно,Оргил зайсан
"УБ — Хан-Уул, Хан-Уул, Хороо 21",Нисэх,Нисэх
"УБ — Хан-Уул, Хан-Уул, Хороо 22",Зайсан,Оргил зайсан
"УБ — Хан-Уул, Хан-Уул, Хороо 23",Яармаг,Яармаг 2
"УБ — Хан-Уул, Хан-Уул, Хороо 24",Яармаг,Яармаг 2
"УБ — Хан-Уул, Хан-Уул, Хороо 25",Нисэх,Нисэх
"УБ — Хан-Уул, Хан-Уул, Хороо 3",Зайсан хойно,Оргил зайсан
"УБ — Хан-Уул, Хан-Уул, Хороо 4",Яармаг,Яармаг 2
"УБ — Хан-Уул, Хан-Уул, Хороо 5",Цэцэрлэгт хүрээлэн,Цэцэрлэгт хүрээлэн
"УБ — Хан-Уул, Хан-Уул, Хороо 6",Яармаг,Яармаг 2
"УБ — Хан-Уул, Хан-Уул, Хороо 7",Маршал,Маршал-Ривер
"УБ — Хан-Уул, Хан-Уул, Хороо 8",Яармаг,Яармаг 2
"УБ — Хан-Уул, Хан-Уул, Хороо 9",Яармаг,Яармаг 2
"УБ — Хан-Уул, Хурд",Цэнгэлдэх,Цэнгэлдэх
"УБ — Хан-Уул, Хүннү",Хүннү,Хүннү
"УБ — Хан-Уул, Хүүшийн ам",Яармаг,Хүннү молл
"УБ — Хан-Уул, Цэлмэг хотхон",19 урд,19-р хороолол урд
"УБ — Хан-Уул, Шувуун фабрик",Шувуун фабрик,Шувуун фабрик
"УБ — Хан-Уул, Яармаг",Яармаг,Яармаг 2
УБ — Чингэлтэй,Чингэлтэй,Чингэлтэй
"УБ — Чингэлтэй, 23-р сургуулийн ойролцоо","40, 50 мянгат",Ард
"УБ — Чингэлтэй, 32 тойрог",Баянбүрд,Баянбүрд
"УБ — Чингэлтэй, 40 мянгат","40, 50 мянгат",40 мянгат
"УБ — Чингэлтэй, 40, 50 мянгат","40, 50 мянгат",40 мянгат
"УБ — Чингэлтэй, 50 мянгат","40, 50 мянгат",50 мянгат
"УБ — Чингэлтэй, 50-р сургуулийн ойролцоо","40, 50 мянгат",50 мянгат
"УБ — Чингэлтэй, 5-р сургуулийн ойролцоо",5-р сургууль,40 мянгат
"УБ — Чингэлтэй, Баянбүрд",Баянбүрд,Баянбүрд
"УБ — Чингэлтэй, Баянбүрдийн тойрог",Баянбүрд,Баянбүрд
"УБ — Чингэлтэй, Бөмбөгөр",Бөмбөгөр,Их дэлгүүр
"УБ — Чингэлтэй, Дэнжийн 1000",Дэнжийн мянга,Дэнжийн мянга
"УБ — Чингэлтэй, Жүр Үр",Цэцэг төв,Монел-Гутлын 22
"УБ — Чингэлтэй, Зурагт",Зурагт,Зурагт
"УБ — Чингэлтэй, Компьютер молл",Хүнсний 4,100 айл-Дөлгөөн нуур
"УБ — Чингэлтэй, Тэнгис кино театр",Тэнгис,40 мянгат
"УБ — Чингэлтэй, Урт цагаан",Бөмбөгөр,Их дэлгүүр
"УБ — Чингэлтэй, Хайлааст",Хайлааст,Хайлааст
"УБ — Чингэлтэй, Хийморь хотхон",Зайсан,Зайсан
"УБ — Чингэлтэй, Хүнсний 1-р дэлгүүр",Тэнгис,40 мянгат
"УБ — Чингэлтэй, Хүнсний 4-р дэлгүүр",Хүнсний 4,100 айл-Дөлгөөн нуур
"УБ — Чингэлтэй, Хүчит шонхор зах",Хүчин шонхор,Хүчин шонхор
"УБ — Чингэлтэй, Цагаан байр",Хайлааст,Хайлааст
"УБ — Чингэлтэй, Цэцэг төв",Цэцэг төв,Монел-Гутлын 22
"УБ — Чингэлтэй, Чингэлтэй",Чингэлтэй,Чингэлтэй
"УБ — Чингэлтэй, Чингэлтэй, Хороо 1",Тэнгис,40 мянгат
"УБ — Чингэлтэй, Чингэлтэй, Хороо 10",Дэнжийн мянга,Дэнжийн мянга
"УБ — Чингэлтэй, Чингэлтэй, Хороо 11",Дэнжийн мянга,Дэнжийн мянга
"УБ — Чингэлтэй, Чингэлтэй, Хороо 13",7 буудал,100 айл-Дөлгөөн нуур
"УБ — Чингэлтэй, Чингэлтэй, Хороо 15",Дэнжийн мянга,Дэнжийн мянга
"УБ — Чингэлтэй, Чингэлтэй, Хороо 16",Дэнжийн мянга,Дэнжийн мянга
"УБ — Чингэлтэй, Чингэлтэй, Хороо 2","40, 50 мянгат",40 мянгат
"УБ — Чингэлтэй, Чингэлтэй, Хороо 20",Баянхошуу,Толгойт
"УБ — Чингэлтэй, Чингэлтэй, Хороо 3",Их дэлгүүр,Их дэлгүүр
"УБ — Чингэлтэй, Чингэлтэй, Хороо 4",5-р сургууль,40 мянгат
"УБ — Чингэлтэй, Чингэлтэй, Хороо 5",5-р сургууль,40 мянгат
"УБ — Чингэлтэй, Чингэлтэй, Хороо 6",Тэнгис,40 мянгат
"УБ — Чингэлтэй, Чингэлтэй, Хороо 8",Зурагт,Зурагт
"УБ — Чингэлтэй, Чингэлтэй, Хороо 9",Зурагт,Зурагт
"Увс, Увс",Увс аймаг,Увс аймаг
"Хөвсгөл, Хөвсгөл",Хөвсгөл аймаг,Хөвсгөл аймаг
"Хэнтий, Хэнтий",Хэнтий аймаг,Хэнтий аймаг
